2/20/2026 5:07:57,submitReservation開始,formData受信,object,
2/20/2026 5:07:59,日時,2026-02-24,15:00,
2/20/2026 5:07:59,LINE判定,lineUserId=U535595b18d41fd5d8c99180b81840850,isLine=true,
2/20/2026 5:08:00,カレンダー作成完了,slp5m2dq9sckn1njgbnrtee4ck@google.com,,
2/20/2026 5:08:00,顧客登録完了,20260220220759_C2ZZ,,
2/20/2026 5:08:01,予約登録完了,20260220220759_C2ZZR,,
2/20/2026 5:08:01,LINE送信チェック,isLine=true,lineUserId=U535595b18d41fd5d8c99180b81840850,
2/20/2026 5:08:03,LINE Push送信開始,U535595b18d41fd5d8c99180b81840850,,
2/20/2026 5:08:03,sendLinePush関数開始,U535595b18d41fd5d8c99180b81840850,,
2/20/2026 5:08:04,sendLinePushレスポンス,429,"{""message"":""You have reached your monthly limit.""}",
2/20/2026 5:08:04,LINE Push送信完了,,,
2/20/2026 5:34:08,submitReservation開始,formData受信,object,
2/20/2026 5:34:08,日時,2026-02-25,12:00,
2/20/2026 5:34:09,LINE判定,lineUserId=web_1771594392405,isLine=false,
2/20/2026 5:34:10,カレンダー作成完了,pjq111k0tb8d24ah3d6hm717p8@google.com,,
2/20/2026 5:34:10,顧客登録完了,20260220223409_MXSG,,
2/20/2026 5:34:11,予約登録完了,20260220223409_MXSGR,,
2/20/2026 5:34:12,LINE送信チェック,isLine=false,lineUserId=web_1771594392405,
2/20/2026 5:34:13,LINE送信スキップ,isLine=false,,
2/20/2026 5:50:36,submitReservation開始,formData受信,object,
2/20/2026 5:50:37,日時,2026-02-25,15:00,
2/20/2026 5:50:37,LINE判定,lineUserId=U535595b18d41fd5d8c99180b81840850,isLine=true,
2/20/2026 5:50:38,カレンダー作成完了,3jkujfchagrdk4epq7co02li6g@google.com,,
2/20/2026 5:50:38,顧客登録完了,20260220225037_DB8K,,
2/20/2026 5:50:39,予約登録完了,20260220225037_DB8KR,,
2/20/2026 5:50:40,LINE送信チェック,isLine=true,lineUserId=U535595b18d41fd5d8c99180b81840850,
2/20/2026 5:50:41,LINE Push送信開始,U535595b18d41fd5d8c99180b81840850,,
2/20/2026 5:50:41,sendLinePush関数開始,U535595b18d41fd5d8c99180b81840850,,
2/20/2026 5:50:42,sendLinePushレスポンス,200,"{""sentMessages"":[{""id"":""601906343981088905"",""quoteToken"":""aakHDRe-1YAyfsyiIcXxHJbcAGasJ6741FDkmdZA8ApIJe5uR-vpcDjgciPv7jQfmqOwSMVekoyD7dueOnxIkPdrfuUUvRwDYzJ6Wh1mHTRaholgFWaZdbTbK4rt2wBPNg08AJjZlqnGXtG8oFSeaQ""}]}",
2/20/2026 5:50:42,LINE Push送信完了,,,
2/20/2026 5:53:30,submitReservation開始,formData受信,object,
2/20/2026 5:53:31,日時,2026-02-25,9:00,
2/20/2026 5:53:31,LINE判定,lineUserId=web_1771595556801,isLine=false,
2/20/2026 5:53:32,カレンダー作成完了,2l86limpneu34p8tulipb067gs@google.com,,
2/20/2026 5:53:33,顧客登録完了,20260220225332_LCJR,,
2/20/2026 5:53:33,予約登録完了,20260220225332_LCJRR,,
2/20/2026 5:53:34,LINE送信チェック,isLine=false,lineUserId=web_1771595556801,
2/20/2026 5:53:34,LINE送信スキップ,isLine=false,,
2/20/2026 6:17:06,submitReservation開始,formData受信,object,
2/20/2026 6:17:06,日時,2026-02-26,15:00,
2/20/2026 6:17:07,LINE判定,lineUserId=web_1771596984169,isLine=false,
2/20/2026 6:17:08,カレンダー作成完了,jojccgq5ai1gch5r9qk4hu6k6s@google.com,,
2/20/2026 6:17:09,顧客登録完了,20260220231707_2RNM,,
2/20/2026 6:17:09,予約登録完了,20260220231707_2RNMR,,
2/20/2026 6:17:10,LINE送信チェック,isLine=false,lineUserId=web_1771596984169,
2/20/2026 6:17:10,LINE送信スキップ,isLine=false,,
2/20/2026 6:30:55,submitReservation開始,formData受信,object,
2/20/2026 6:30:55,日時,2026-02-21,9:00,
2/20/2026 6:30:56,LINE判定,lineUserId=U535595b18d41fd5d8c99180b81840850,isLine=true,
2/20/2026 6:30:57,カレンダー作成完了,nig6m7v3vr27ik8ufhqg0b88ik@google.com,,
2/20/2026 6:30:58,顧客登録完了,20260220233056_USXI,,
2/20/2026 6:30:58,予約登録完了,20260220233056_USXIR,,
2/20/2026 6:31:00,LINE送信チェック,isLine=true,lineUserId=U535595b18d41fd5d8c99180b81840850,
2/20/2026 6:31:00,LINE Push送信開始,U535595b18d41fd5d8c99180b81840850,,
2/20/2026 6:31:00,sendLinePush関数開始,U535595b18d41fd5d8c99180b81840850,,
2/20/2026 6:31:01,sendLinePushレスポンス,200,"{""sentMessages"":[{""id"":""601910403329163605"",""quoteToken"":""mlQDdOt18inDLXqH0pn3RA92WxKef9DLROaMY8emJZOQp8bzErEkAejQhv2bJWDNzLkq3lmDhjeaZe6jLWcP6odiPUyDuXyM3DNZuVUGtpHLGMze6q6igL-2sxivtVSxsLaoVvkAORwwhPS9dFm2nw""}]}",
2/20/2026 6:31:02,LINE Push送信完了,,,
2/20/2026 16:16:04,submitReservation開始,formData受信,object,
2/20/2026 16:16:04,日時,2026-02-22,9:00,
2/20/2026 16:16:05,LINE判定,lineUserId=web_1771632907634,isLine=false,
2/20/2026 16:16:06,カレンダー作成完了,43tqpdt774oide9q60agjde1m4@google.com,,
2/20/2026 16:16:06,顧客登録完了,20260221091605_CX72,,
2/20/2026 16:16:06,予約登録完了,20260221091605_CX72R,,
2/20/2026 16:16:07,LINE送信チェック,isLine=false,lineUserId=web_1771632907634,
2/20/2026 16:16:07,LINE送信スキップ,isLine=false,,
2/20/2026 16:57:47,submitReservation開始,formData受信,object,
2/20/2026 16:57:47,日時,2026-02-23,12:00,
2/20/2026 16:57:48,LINE判定,lineUserId=web_1771635224074,isLine=false,
2/20/2026 16:57:49,カレンダー作成完了,gnv98bvfbc5ip2ebl7ekkfeqc4@google.com,,
2/20/2026 16:57:49,顧客登録完了,20260221095748_173L,,
2/20/2026 16:57:50,予約登録完了,20260221095748_173LR,,
2/20/2026 16:57:50,LINE送信チェック,isLine=false,lineUserId=web_1771635224074,
2/20/2026 16:57:51,LINE送信スキップ,isLine=false,,
2/20/2026 19:02:44,submitReservation開始,formData受信,object,
2/20/2026 19:02:45,日時,2026-02-25,12:00,
2/20/2026 19:02:45,LINE判定,lineUserId=web_1771642782851,isLine=false,
2/20/2026 19:02:46,カレンダー作成完了,rafg3cleg7gr81imio86qj1ru0@google.com,,
2/20/2026 19:02:46,顧客登録完了,20260221120245_UD88,,
2/20/2026 19:02:47,予約登録完了,20260221120245_UD88R,,
2/20/2026 19:02:48,LINE送信チェック,isLine=false,lineUserId=web_1771642782851,
2/20/2026 19:02:48,LINE送信スキップ,isLine=false,,
2/20/2026 23:47:00,submitReservation開始,formData受信,object,
2/20/2026 23:47:00,日時,2026-02-22,12:00,
2/20/2026 23:47:01,LINE判定,lineUserId=U4438d5b1f63152e8231c98bb26eef107,isLine=true,
2/20/2026 23:47:01,カレンダー作成完了,fnj5f83gu9r0odn6m0khbov1lc@google.com,,
2/20/2026 23:47:02,顧客登録完了,20260221164701_IL08,,
2/20/2026 23:47:02,予約登録完了,20260221164701_IL08R,,
2/20/2026 23:47:03,LINE送信チェック,isLine=true,lineUserId=U4438d5b1f63152e8231c98bb26eef107,
2/20/2026 23:47:03,LINE Push送信開始,U4438d5b1f63152e8231c98bb26eef107,,
2/20/2026 23:47:03,sendLinePush関数開始,U4438d5b1f63152e8231c98bb26eef107,,
2/20/2026 23:47:04,sendLinePushレスポンス,200,"{""sentMessages"":[{""id"":""602014694294683825"",""quoteToken"":""ncSaefF9FC21XbDn726GjGawv14UdWoElzUmWsHRQ_UCgDipIokFkUSjySSFYHJ-Ext3EbMAKf5GG-MT7JsL_jqDJnOmi4R5Fv3m9OrbVAXAvaDSbeIRXxKHSjztUCE-VN1iHHN05qwXSksmYD7e3A""}]}",
2/20/2026 23:47:04,LINE Push送信完了,,,
2/23/2026 20:18:21,予約確定通知受信,U535595b18d41fd5d8c99180b81840850,2026/02/16,
2/23/2026 20:18:21,sendLinePush関数開始,U535595b18d41fd5d8c99180b81840850,,
2/23/2026 20:18:22,sendLinePushレスポンス,200,"{""sentMessages"":[{""id"":""602428551354122929"",""quoteToken"":""o2qrPVRu-8aeaBLTrxpH7mTU7zy7HR48ljx7274V1PXfdA8zcsdv9MpMRY4g9Zz4cKFpLsy2EYGVX-woDGWn9bUSqpn1ZTg_yFiSNzsOY2U4RgdUkcGFMjYq7fkyhMiGjxW20ker1JXljnVha8vJsA""}]}",
2/23/2026 20:18:22,予約確定LINE送信完了,U535595b18d41fd5d8c99180b81840850,,
2/23/2026 20:18:26,予約確定通知受信,U535595b18d41fd5d8c99180b81840850,2026/02/16,
2/23/2026 20:18:27,sendLinePush関数開始,U535595b18d41fd5d8c99180b81840850,,
2/23/2026 20:18:27,sendLinePushレスポンス,200,"{""sentMessages"":[{""id"":""602428560614883340"",""quoteToken"":""Dmg1NGl_aDAf76i-pJykAK2-tG4PK5MztA-ztRwZ-ldKOt3K3q73vH4SPiRJREyu7bPAkdvqtP74KTGneLqrpWjKFfc-SfiZ_9gH3ohJ_HRdFE0gCMgsq2v4pq8UcTvonQF45LJ-G-mWV7KYw0FhGg""}]}",
2/23/2026 20:18:28,予約確定LINE送信完了,U535595b18d41fd5d8c99180b81840850,,
2/23/2026 20:18:32,予約確定通知受信,U535595b18d41fd5d8c99180b81840850,2026/02/16,
2/23/2026 20:18:33,sendLinePush関数開始,U535595b18d41fd5d8c99180b81840850,,
2/23/2026 20:18:33,sendLinePushレスポンス,200,"{""sentMessages"":[{""id"":""602428570698776969"",""quoteToken"":""Udr2iq8ALe62LLdsHi8DzKRjDkf-QaFDWUfEDzAq5JcNOs9AEPt1sueOS16H5jtJJvptOGRpkGbcx3Hi2qqobRSmyR2KfOu4CfJUVG1CP6sHUIubOrfwGrOGUX-VtWH2CFyL2i2jxH06Xd4lheLTTw""}]}",
2/23/2026 20:18:33,予約確定LINE送信完了,U535595b18d41fd5d8c99180b81840850,,
2/23/2026 20:18:38,予約確定通知受信,U535595b18d41fd5d8c99180b81840850,2026/02/16,
2/23/2026 20:18:39,sendLinePush関数開始,U535595b18d41fd5d8c99180b81840850,,
2/23/2026 20:18:39,sendLinePushレスポンス,200,"{""sentMessages"":[{""id"":""602428580362453113"",""quoteToken"":""7I4VZpV1wm0LzqVssSnUEUwA7q7ncNg1yMAverQlYwiRtOKXpVQGFvVCOc6lsRllobFUlTbH9vtX2IKvbnXispZiVdIH-XfHk89J6Zpr6YUp-RPLxe9BXzFCoEChkF9WEMfmXcEEpzg_HBhEOiwbTw""}]}",
2/23/2026 20:18:39,予約確定LINE送信完了,U535595b18d41fd5d8c99180b81840850,,
2/23/2026 20:33:33,予約確定通知受信,Uc731994dfd2198a5beeb3bae9ee26ccf,2026/02/22,
2/23/2026 20:33:33,sendLinePush関数開始,Uc731994dfd2198a5beeb3bae9ee26ccf,,
2/23/2026 20:33:34,sendLinePushレスポンス,200,"{""sentMessages"":[{""id"":""602430081285751541"",""quoteToken"":""ZcmWOTxRxZkVvZBQ3CsMvW1_gG41yEb5wUgL7ATTgHvwIxRCTu15WVvHChDCJVTA9JhUX0oPYghM2LD0zbA0-LcGuAIyYMbqczLIxLHjQyzpxrd_RxLOSuJBKsuinsjhSgJMGiNCfpyqeyln6MRnRA""}]}",
2/23/2026 20:33:34,予約確定LINE送信完了,Uc731994dfd2198a5beeb3bae9ee26ccf,,
2/23/2026 20:33:41,予約確定通知受信,Uc731994dfd2198a5beeb3bae9ee26ccf,2026/02/22,
2/23/2026 20:33:41,sendLinePush関数開始,Uc731994dfd2198a5beeb3bae9ee26ccf,,
2/23/2026 20:33:42,sendLinePushレスポンス,200,"{""sentMessages"":[{""id"":""602430094690484227"",""quoteToken"":""6g9JpN0lm2LX_vjM4kuVyfX0AQbZZcFiOFfppAoFJRW0pWGOUJ3eS0qNdqRYrhs0KvALXuYRwj5PCqS-enaj5HXXSyrd9wn4EbOXCZj8Jxi-sgDLx2GvClSmoRtQBwE_i_DMxuEmr28HsuUzJFEtnw""}]}",
2/23/2026 20:33:42,予約確定LINE送信完了,Uc731994dfd2198a5beeb3bae9ee26ccf,,
2/23/2026 20:33:50,予約確定通知受信,Uc731994dfd2198a5beeb3bae9ee26ccf,2026/02/22,
2/23/2026 20:33:50,sendLinePush関数開始,Uc731994dfd2198a5beeb3bae9ee26ccf,,
2/23/2026 20:33:51,sendLinePushレスポンス,200,"{""sentMessages"":[{""id"":""602430110075453579"",""quoteToken"":""tBB0etC4jIixei9IOxP32qIxocrdPIDu8DiikEqxTm1vJwjKJOb4yBxKoLl3E4Ouvb_VNzI12o0vKQcNDc_fHTG_tWPSTuHYA46xl9ldxnGl478awwx5oEm3DP-yfDBRTkNjQH9fECfkvR1qzzP5VA""}]}",
2/23/2026 20:33:51,予約確定LINE送信完了,Uc731994dfd2198a5beeb3bae9ee26ccf,,
2/23/2026 20:33:55,予約確定通知受信,Uc731994dfd2198a5beeb3bae9ee26ccf,2026/02/22,
2/23/2026 20:33:56,sendLinePush関数開始,Uc731994dfd2198a5beeb3bae9ee26ccf,,
2/23/2026 20:33:57,sendLinePushレスポンス,200,"{""sentMessages"":[{""id"":""602430119872823489"",""quoteToken"":""95AV0hy8Yr-kbY133dWZ4qL2gfB6jVowsZoMv7Ywkvx4Y12GUoiH8jBi4-DsHnjGpl27tey7QwCqNtMXdOXFBRjkdX88vM3QVIs3zw_Y6Zx56r8NsgcRXcLi57oPEXezEJEedxehYdx2M-f4XPRXpA""}]}",
2/23/2026 20:33:57,予約確定LINE送信完了,Uc731994dfd2198a5beeb3bae9ee26ccf,,
2/23/2026 21:59:16,submitReservation開始,formData受信,object,
2/23/2026 21:59:17,日時,2026-02-25,15:00,
2/23/2026 21:59:17,LINE判定,lineUserId=web_1771912663414,isLine=false,
2/23/2026 21:59:18,エラー発生,Exception: 操作を実行できません,,
2/24/2026 0:09:21,submitReservation開始,formData受信,object,
2/24/2026 0:09:21,日時,2026-02-25,15:00,
2/24/2026 0:09:22,LINE判定,lineUserId=web_1771919635762,isLine=false,
2/24/2026 0:09:23,エラー発生,Exception: 操作を実行できません,,
2/24/2026 0:12:28,submitReservation開始,formData受信,object,
2/24/2026 0:12:29,日時,2026-02-25,15:00,
2/24/2026 0:12:29,LINE判定,lineUserId=web_1771919635762,isLine=false,
2/24/2026 0:12:30,エラー発生,Exception: 操作を実行できません,,
2/24/2026 0:16:00,submitReservation開始,formData受信,object,
2/24/2026 0:16:01,日時,2026-02-25,15:00,
2/24/2026 0:16:01,LINE判定,lineUserId=web_1771919635762,isLine=false,
2/24/2026 0:16:02,エラー発生,Exception: 操作を実行できません,,
2/24/2026 0:22:40,submitReservation開始,formData受信,object,
2/24/2026 0:22:41,日時,2026-02-25,15:00,
2/24/2026 0:22:41,LINE判定,lineUserId=web_1771921250459,isLine=false,
2/24/2026 0:22:42,エラー発生,Exception: 操作を実行できません,,
2/24/2026 0:22:51,submitReservation開始,formData受信,object,
2/24/2026 0:22:51,日時,2026-02-25,15:00,
2/24/2026 0:22:52,LINE判定,lineUserId=web_1771921250459,isLine=false,
2/24/2026 0:22:52,エラー発生,Exception: 操作を実行できません,,
2/24/2026 0:24:03,submitReservation開始,formData受信,object,
2/24/2026 0:24:04,日時,2026-02-25,15:00,
2/24/2026 0:24:05,LINE判定,lineUserId=web_1771921385163,isLine=false,
2/24/2026 0:24:05,エラー発生,Exception: 操作を実行できません,,
2/24/2026 1:24:11,submitReservation開始,formData受信,undefined,
2/24/2026 1:24:12,エラー発生,TypeError: Cannot read properties of undefined (reading 'date'),,
2/24/2026 1:25:36,submitReservation開始,formData受信,undefined,
2/24/2026 1:25:37,エラー発生,TypeError: Cannot read properties of undefined (reading 'date'),,
2/24/2026 2:49:54,submitReservation開始,formData受信,object,
2/24/2026 2:49:55,日時,2026-02-25,15:00,
2/24/2026 2:49:55,LINE判定,lineUserId=web_1771921385163,isLine=false,
2/24/2026 2:49:56,カレンダー作成完了,uq7modecv6qp0snl0vjbmc075o@google.com,,
2/24/2026 2:49:56,顧客登録完了,20260224194955_TBN8,,
2/24/2026 2:49:57,予約登録完了,20260224194955_TBN8R,,
2/24/2026 2:49:58,LINE送信チェック,isLine=false,lineUserId=web_1771921385163,
2/24/2026 2:49:58,LINE送信スキップ,isLine=false,,
2/24/2026 2:54:45,予約確定通知受信,web_1771921385163,2026/02/25,
2/24/2026 2:54:47,予約確定通知受信,web_1771921385163,2026/02/25,
2/24/2026 2:54:51,予約確定通知受信,web_1771921385163,2026/02/25,
2/24/2026 2:54:55,予約確定通知受信,web_1771921385163,2026/02/25,
2/24/2026 4:03:48,submitReservation開始,formData受信,object,
2/24/2026 4:03:49,日時,2026-02-25,9:00,
2/24/2026 4:03:49,LINE判定,lineUserId=web_1771934563727,isLine=false,
2/24/2026 4:03:50,カレンダー作成完了,0qdiov8hqfap670b971ljfepqk@google.com,,
2/24/2026 4:03:51,顧客登録完了,20260224210349_PMEL,,
2/24/2026 4:03:51,予約登録完了,20260224210349_PMELR,,
2/24/2026 4:03:52,LINE送信チェック,isLine=false,lineUserId=web_1771934563727,
2/24/2026 4:03:52,LINE送信スキップ,isLine=false,,
2/24/2026 4:16:12,submitReservation開始,formData受信,object,
2/24/2026 4:16:13,日時,2026-02-26,12:00,
2/24/2026 4:16:14,LINE判定,lineUserId=web_1771934695971,isLine=false,
2/24/2026 4:16:16,カレンダー作成完了,ta8n5edikn2jaeagieq4qikcgc@google.com,,
2/24/2026 4:16:16,顧客登録完了,20260224211614_VO6Y,,
2/24/2026 4:16:17,予約登録完了,20260224211614_VO6YR,,
2/24/2026 4:16:18,LINE送信チェック,isLine=false,lineUserId=web_1771934695971,
2/24/2026 4:16:18,LINE送信スキップ,isLine=false,,
2/24/2026 14:15:28,submitReservation開始,formData受信,object,
2/24/2026 14:15:29,日時,2026-02-26,15:00,
2/24/2026 14:15:30,LINE判定,lineUserId=web_1771971268254,isLine=false,
2/24/2026 14:15:30,カレンダー作成完了,k30vmgoc35v8jlvahejp9tk51g@google.com,,
2/24/2026 14:15:31,顧客登録完了,20260225071530_7FGQ,,
2/24/2026 14:15:31,予約登録完了,20260225071530_7FGQR,,
2/24/2026 14:15:32,LINE送信チェック,isLine=false,lineUserId=web_1771971268254,
2/24/2026 14:15:32,LINE送信スキップ,isLine=false,,
2/24/2026 14:16:57,予約確定通知受信,web_1771971268254,2026/02/26,
2/24/2026 14:16:59,予約確定通知受信,web_1771971268254,2026/02/26,
2/24/2026 14:17:02,予約確定通知受信,web_1771971268254,2026/02/26,
2/24/2026 14:17:07,予約確定通知受信,web_1771971268254,2026/02/26,
2/24/2026 16:09:27,submitReservation開始,formData受信,object,
2/24/2026 16:09:28,日時,2026-02-27,12:00,
2/24/2026 16:09:28,LINE判定,lineUserId=web_1771977771510,isLine=false,
2/24/2026 16:09:29,カレンダー作成完了,ii843ghgggiibc9rg1rbtd3to8@google.com,,
2/24/2026 16:09:30,顧客登録完了,20260225090929_XMVB,,
2/24/2026 16:09:30,予約登録完了,20260225090929_XMVBR,,
2/24/2026 16:09:31,LINE送信チェック,isLine=false,lineUserId=web_1771977771510,
2/24/2026 16:09:31,LINE送信スキップ,isLine=false,,
2/24/2026 17:08:01,submitReservation開始,formData受信,object,
2/24/2026 17:08:02,日時,2026-02-27,15:00,
2/24/2026 17:08:02,LINE判定,lineUserId=U535595b18d41fd5d8c99180b81840850,isLine=true,
2/24/2026 17:08:03,カレンダー作成完了,95562u27e2bimugjvm4vb1h9g4@google.com,,
2/24/2026 17:08:03,顧客登録完了,20260225100802_BPGG,,
2/24/2026 17:08:04,予約登録完了,20260225100802_BPGGR,,
2/24/2026 17:08:04,LINE送信チェック,isLine=true,lineUserId=U535595b18d41fd5d8c99180b81840850,
2/24/2026 17:08:05,LINE Push送信開始,U535595b18d41fd5d8c99180b81840850,,
2/24/2026 17:08:05,sendLinePush関数開始,U535595b18d41fd5d8c99180b81840850,,
2/24/2026 17:08:06,sendLinePushレスポンス,200,"{""sentMessages"":[{""id"":""602554353428988306"",""quoteToken"":""YKx82FaF4lu_1ejjsOvq2cnb1VPg90W-oQsNMtO-Gvw6ZQjSh4ZDuwRW7jjhQHdUniOEHxWdqDOTXzmuneGvEwcUqmmEfdi7HYWozrwjokK8INmHYtQNhjyYqf6Uu4zduYNqlokzP_rCYVqL5RQ1iw""}]}",
2/24/2026 17:08:06,LINE Push送信完了,,,
2/24/2026 17:09:17,予約確定通知受信,U535595b18d41fd5d8c99180b81840850,2026/02/27,
2/24/2026 17:09:17,sendLinePush関数開始,U535595b18d41fd5d8c99180b81840850,,
2/24/2026 17:09:19,sendLinePushレスポンス,200,"{""sentMessages"":[{""id"":""602554475986550990"",""quoteToken"":""tSBO_1F7gRFQXrd-qspHDBn5P3YxsbVYkM2EegZK22K6zY1vZQEKwh76pgNP_e_OWiJswyEdqex5z5mjuXVRWdN6aHk44ryaSWUv7ezPP1tdiricDF82juj3B94ORWU2mv2U2661ds6YyAvEG1--XA""}]}",
2/24/2026 17:09:19,予約確定LINE送信完了,U535595b18d41fd5d8c99180b81840850,,
2/24/2026 17:09:25,予約確定通知受信,U535595b18d41fd5d8c99180b81840850,2026/02/27,
2/24/2026 17:09:25,sendLinePush関数開始,U535595b18d41fd5d8c99180b81840850,,
2/24/2026 17:09:26,sendLinePushレスポンス,200,"{""sentMessages"":[{""id"":""602554487714611490"",""quoteToken"":""Y5fa7UG2MBkWHo40m6LhAWCPAZCpiv_gqJ7QA7Q_dhHD_sK3mA6IiLPVyUhbbBoncvAcw2_TWegtADyddiXdr4Uq4BFnqvxaC8_3rqzVv0EDZrd1vAUwpizQD8HSsBeWbxHOzW5WQ3PeuBgAtWo7pQ""}]}",
2/24/2026 17:09:26,予約確定LINE送信完了,U535595b18d41fd5d8c99180b81840850,,
2/24/2026 17:09:32,予約確定通知受信,U535595b18d41fd5d8c99180b81840850,2026/02/27,
2/24/2026 17:09:33,sendLinePush関数開始,U535595b18d41fd5d8c99180b81840850,,
2/24/2026 17:09:34,sendLinePushレスポンス,200,"{""sentMessages"":[{""id"":""602554500649582884"",""quoteToken"":""uTb4c_LW1W1W40suRT27Yp6ABJpXShdlO8tswKLOkNRWnG8Vc8NyxlJbhXzZYMhedl7ifbY2fJHB_TuVBOPcUe4mS1PxBoajO2rBfxTv9T5dl8F5Uya2v8UCChSMd0VMQCIp_KG8J-r2cM4AyiVJ-w""}]}",
2/24/2026 17:09:34,予約確定LINE送信完了,U535595b18d41fd5d8c99180b81840850,,
2/24/2026 17:09:42,予約確定通知受信,U535595b18d41fd5d8c99180b81840850,2026/02/27,
2/24/2026 17:09:42,sendLinePush関数開始,U535595b18d41fd5d8c99180b81840850,,
2/24/2026 17:09:43,sendLinePushレスポンス,200,"{""sentMessages"":[{""id"":""602554515732562554"",""quoteToken"":""PKCM0ZthczaUWZF9iT8-4CzBE2U0UDT4-jf0tdYfxgckFPguy3fcSm3YhqJXlR27YG6-PZLysQvJfFJDN-BB6KBxyH8ql4OkzOij2eGm3JVc3QDN-VFiTvd6SkArH16c8eYXpcaEBHOo_K6F5PGSyg""}]}",
2/24/2026 17:09:43,予約確定LINE送信完了,U535595b18d41fd5d8c99180b81840850,,
2/26/2026 0:12:25,予約確定通知受信,web_1771635224074,2026/02/23,
2/26/2026 0:12:31,予約確定通知受信,web_1771635224074,2026/02/23,
2/26/2026 0:12:36,予約確定通知受信,web_1771635224074,2026/02/23,
2/26/2026 0:12:43,予約確定通知受信,web_1771635224074,2026/02/23,
2/26/2026 17:03:26,予約確定通知受信,U535595b18d41fd5d8c99180b81840850,2026/02/20,
2/26/2026 17:03:26,sendLinePush関数開始,U535595b18d41fd5d8c99180b81840850,,
2/26/2026 17:03:27,sendLinePushレスポンス,200,"{""sentMessages"":[{""id"":""602843796106903574"",""quoteToken"":""JcDW2micPdoudDF8ryhmEbgwoX1egLhdhL1KO6RsZEHjZ92NVWiAHKwbHsp7ZeZDgJ7chPywXzEez0zf5PKFDeQgQViQVc4NH7zuVu-bBrCStk8uPq3QN-5xQI2oUm5ZZasXDxiewDi-wM4EvDK5iw""}]}",
2/26/2026 17:03:27,予約確定LINE送信完了,U535595b18d41fd5d8c99180b81840850,,
2/26/2026 17:03:34,予約確定通知受信,U535595b18d41fd5d8c99180b81840850,2026/02/20,
2/26/2026 17:03:34,sendLinePush関数開始,U535595b18d41fd5d8c99180b81840850,,
2/26/2026 17:03:35,sendLinePushレスポンス,200,"{""sentMessages"":[{""id"":""602843809512685861"",""quoteToken"":""qmKY_Av5Wuv26gE8xwEcI6c_aYZpISyXOXc80N2H8REJeAfnekowNA9HuefmGasb-GzitkqHLNG33wHY7_e8g0JcBWxKE46gsE8XD9sJDa6Vir4eccgjMIozb29lNuYPwi7b3Scq2qdF6d8G8WfbRQ""}]}",
2/26/2026 17:03:36,予約確定LINE送信完了,U535595b18d41fd5d8c99180b81840850,,
2/26/2026 17:03:43,予約確定通知受信,U535595b18d41fd5d8c99180b81840850,2026/02/20,
2/26/2026 17:03:43,sendLinePush関数開始,U535595b18d41fd5d8c99180b81840850,,
2/26/2026 17:03:44,sendLinePushレスポンス,200,"{""sentMessages"":[{""id"":""602843824745874126"",""quoteToken"":""o7QhLIbeNxa6hjdsTa52eipR3hnABml1h63iRxrPzJ6eUdqkhDKksSX2a0dy_DphekBgO59xUzQ6dVOE8P-iktIvXpCBFbqbwJxgwdeltmXMKAPc7_oSDLJXksyBwXdDuL_6hDKbp7tZqbHxTmCo9w""}]}",
2/26/2026 17:03:45,予約確定LINE送信完了,U535595b18d41fd5d8c99180b81840850,,
2/26/2026 17:03:51,予約確定通知受信,U535595b18d41fd5d8c99180b81840850,2026/02/20,
2/26/2026 17:03:54,sendLinePush関数開始,U535595b18d41fd5d8c99180b81840850,,
2/26/2026 17:03:55,sendLinePushレスポンス,200,"{""sentMessages"":[{""id"":""602843842412020159"",""quoteToken"":""cdxccIjn2scXZ_gb4xjIMHvto1SiGW_y5xJS21hZZwxpFpRyLXRU9Ykkq9qnnso7uxOTXph6QcapoEbnEGXutu75K-MgsiRtylKxnVB3px44OZAROl5ggZ4kijatslMKvCRDiSW5xdbgAVtdr_0d6Q""}]}",
2/26/2026 17:03:55,予約確定LINE送信完了,U535595b18d41fd5d8c99180b81840850,,
2/26/2026 17:17:11,予約確定通知受信,U535595b18d41fd5d8c99180b81840850,2026/02/20,
2/26/2026 17:17:11,sendLinePush関数開始,U535595b18d41fd5d8c99180b81840850,,
2/26/2026 17:17:12,sendLinePushレスポンス,200,"{""sentMessages"":[{""id"":""602845179203813709"",""quoteToken"":""NlskE9xmGbE-gMwziff1zruHdu_gnkb4H7s435L23Dc1BLZJxYHWUsCEPg9N1h9WMgWPLLUFcwMF0UxlqJgAVlkVX79wpGWbNArkfgPYwaWrHEjueGGpUcWcZff1M6GdDNAXNbyf8B-dYfQYg--jUg""}]}",
2/26/2026 17:17:12,予約確定LINE送信完了,U535595b18d41fd5d8c99180b81840850,,
2/26/2026 17:17:18,予約確定通知受信,U535595b18d41fd5d8c99180b81840850,2026/02/20,
2/26/2026 17:17:18,sendLinePush関数開始,U535595b18d41fd5d8c99180b81840850,,
2/26/2026 17:17:19,sendLinePushレスポンス,200,"{""sentMessages"":[{""id"":""602845192290566420"",""quoteToken"":""uyQU20UxcpUEylUPUWbb7C48tIi129Wbzv3Mnswuc7QZSvBv-rdCoHf5IlB-_NUSkdVzTsHo2udxUGQa8GSC2vqmIm1gJeVJqJFnHOWJyUHHnAqQkq36r4MzsqAK9AyheBJf2Q7QQmlxoYkeqTxtmA""}]}",
2/26/2026 17:17:19,予約確定LINE送信完了,U535595b18d41fd5d8c99180b81840850,,
2/26/2026 17:17:26,予約確定通知受信,U535595b18d41fd5d8c99180b81840850,2026/02/20,
2/26/2026 17:17:26,sendLinePush関数開始,U535595b18d41fd5d8c99180b81840850,,
2/26/2026 17:17:27,sendLinePushレスポンス,200,"{""sentMessages"":[{""id"":""602845205662269747"",""quoteToken"":""U1Hrc69a2Tb-lXacOJNNsPBRc7y04Vo2qXoIBRJpFM7tB4obkL_HR8s-z3cv3UsY0mZ20brn0aHakwPQ7dO4hE_IlFyCZryyNuJG2cw2ApIBNr4unyTpt_C_eTLbnwftj34HVB61xWASJyhuFERiEg""}]}",
2/26/2026 17:17:28,予約確定LINE送信完了,U535595b18d41fd5d8c99180b81840850,,
2/26/2026 17:17:36,予約確定通知受信,U535595b18d41fd5d8c99180b81840850,2026/02/20,
2/26/2026 17:17:36,sendLinePush関数開始,U535595b18d41fd5d8c99180b81840850,,
2/26/2026 17:17:38,sendLinePushレスポンス,200,"{""sentMessages"":[{""id"":""602845222119932026"",""quoteToken"":""6966mxPP4KCF7yvSWhjDmIIChHfwqdgR6Mk6GQ7Ih5HKi2JOWZ0QBHFqQLv5xvgFBCqPpwu5BzW62sXYcXOSs1LEPrppLGFcc-bQ8bZhuOXRiKbN3dlN-TA2ORIseBwMcjZNteSPlV9WAuitKZFDpA""}]}",
2/26/2026 17:17:38,予約確定LINE送信完了,U535595b18d41fd5d8c99180b81840850,,
2/26/2026 17:46:05,submitReservation開始,formData受信,object,
2/26/2026 17:46:05,日時,2026-03-02,9:00,
2/26/2026 17:46:06,LINE判定,lineUserId=web_1772154724780,isLine=false,
2/26/2026 17:46:07,カレンダー作成完了,eu4r79mntgp99f81e5m2dopamg@google.com,,
2/26/2026 17:46:07,顧客登録完了,20260227104606_1F6A,,
2/26/2026 17:46:08,予約登録完了,20260227104606_1F6AR,,
2/26/2026 17:46:09,LINE送信チェック,isLine=false,lineUserId=web_1772154724780,
2/26/2026 17:46:10,LINE送信スキップ,isLine=false,,
3/1/2026 17:56:32,submitReservation開始,formData受信,object,
3/1/2026 17:56:32,日時,2026-03-06,12:00,
3/1/2026 17:56:35,LINE判定,lineUserId=web_1772416516368,isLine=false,
3/1/2026 17:56:35,カレンダー作成完了,aj4ocrt7qdsji7tt9c15ook3f8@google.com,,
3/1/2026 17:56:36,顧客登録完了,20260302105635_0D3W,,
3/1/2026 17:56:36,予約登録完了,20260302105635_0D3WR,,
3/1/2026 17:56:37,LINE送信チェック,isLine=false,lineUserId=web_1772416516368,
3/1/2026 17:56:37,LINE送信スキップ,isLine=false,,